"species","sex","bill_length_mm","bill_depth_mm","flipper_length_mm","body_mass_g","year"
"Adelie","female",37.2575342465753,17.6219178082192,187.794520547945,3368.83561643836,2008.05479452055
"Adelie","male",40.3904109589041,19.072602739726,192.41095890411,4043.49315068493,2008.05479452055
"Adelie",NA,37.84,18.32,185.6,3540,2007
"Chinstrap","female",46.5735294117647,17.5882352941176,191.735294117647,3527.20588235294,2007.97058823529
"Chinstrap","male",51.0941176470588,19.2529411764706,199.911764705882,3938.97058823529,2007.97058823529
"Gentoo","female",45.5637931034483,14.2379310344828,212.706896551724,4679.74137931035,2008.06896551724
"Gentoo","male",49.4737704918033,15.7180327868852,221.540983606557,5484.83606557377,2008.06557377049
"Gentoo",NA,45.625,14.55,215.75,4587.5,2008.4
